Model,ImageFilename,Row,Column
48-22-8714,48-22-8714.png,282,8
48-73-8511,48-73-8511.png,283,8
48-73-8512,48-73-8512.png,284,8
48-73-8513,48-73-8513.png,285,8
48-22-8933,48-22-8933.png,300,8
48-73-8631,48-73-8631.png,301,8
48-73-8632,48-73-8632.png,302,8
48-73-8650,48-73-8650.png,307,8
48-73-8651,48-73-8651.png,308,8
48-73-8652,48-73-8652.png,309,8
48-73-8653,48-73-8653.png,310,8
48-73-8130,48-73-8130.png,331,8
48-73-8131,48-73-8131.png,332,8
48-73-8132,48-73-8132.png,333,8
48-73-8133,48-73-8133.png,334,8
48-22-8984,48-22-8984.png,339,8
48-73-8150,48-73-8150.png,340,8
48-73-8151,48-73-8151.png,341,8
48-73-8152,48-73-8152.png,342,8
48-73-8153,48-73-8153.png,343,8
48-22-8733,48-22-8733.png,346,8
48-73-8531,48-73-8531.png,347,8
48-73-8532,48-73-8532.png,348,8
48-73-8533,48-73-8533.png,349,8
48-32-4550,48-32-4550.png,420,8
4932480177,4932480177.png,424,8
48-08-0900,48-08-0900.png,519,8
48-73-2001,48-73-2001.png,353,8
49-16-3050,49-16-3050.png,419,8
48-89-2530,48-89-2530.png,370,8
48-32-5004,48-32-5004.png,371,8
48-22-8410,48-22-8410.png,216,8
M18 FB6,M18 FB6.png,191,8
M12-18SC,M12-18SC.png,199,8
48-73-4541,48-73-4541.png,355,8
MXF TL-0G0,MXF TL-0G0.png,174,8
48-22-8394R,48-22-8394R.png,235,8
4932430853,4932430853.png,372,8
48-73-2070,48-73-2070.png,354,8
M18 HOSALC-0,M18 HOSALC-0.png,155,8
49-66-4568,49-66-4568.png,417,8
48-22-8488,48-22-8488.png,238,8
4932498645,4932498645.png,239,8
4932498646,4932498646.png,240,8
4932498643,4932498643.png,241,8
4932498644,4932498644.png,242,8
4932498647,4932498647.png,243,8
4932498648,4932498648.png,244,8
4932498649,4932498649.png,245,8
M12 ONEFTR12-0C,M12 ONEFTR12-0C.png,12,11
M12 BPRT-0C,M12 BPRT-0C.png,13,11
M12 BIW12-202C,M12 BIW12-202C.png,14,11
M18 FRT-0X0,M18 FRT-0X0.png,15,11
M18 FID3-0X0,M18 FID3-0X0.png,16,11
M12 FRAIWF12-0B,M12 FRAIWF12-0B.png,17,11
M12 FIW2F12-0X0 ,M12 FIW2F12-0X0.png,18,11
M12 FIW2F38-0 ,M12 FIW2F38-0.png,19,11
M18 FIW2F38-0,M18 FIW2F38-0.png,20,11
M18 FIW2F12-0C0,M18 FIW2F12-0C0.png,22,11
M18 FMTIW2F12-0,M18 FMTIW2F12-0.png,23,11
M18 FHIW2F12-0X0 ASIA,M18 FHIW2F12-0X0 ASIA.png,26,11
M18 ONEFHIWF34-0X,M18 ONEFHIWF34-0X.png,27,11
M18 ONEFHIWF1(A)-0X,M18 ONEFHIWF1(A)-0X.png,28,11
M18 ONEFHIWF1DS-0C0,M18 ONEFHIWF1DS-0C0.png,29,11
M18 ONEFHIWF1D(A)-0C0,M18 ONEFHIWF1D(A)-0C0.png,30,11
M18 BIW12-0C,M18 BIW12-0C.png,31,11
HD18 HIWF-0,HD18 HIWF-0.png,32,11
M18 FHIWF1R-0C0,M18 FHIWF1R-0C0.png,33,11
M12 BDD-202C,M12 BDD-202C.png,34,11
M12 BPD-0,M12 BPD-0.png,35,11
M12 FDD2-0X,M12 FDD2-0X.png,36,11
M12 FPD2-0X,M12 FPD2-0X.png,37,11
M12 BRAID-0,M12 BRAID-0.png,38,11
C12 RAD-0B,C12 RAD-0B.png,39,11
M18 BDD-202C,M18 BDD-202C.png,40,11
M18 BPD-0C,M18 BPD-0C.png,41,11
M18 FDD3-0X,M18 FDD3-0X.png,42,11
M18 FPD3-0X0,M18 FPD3-0X0.png,43,11
DD2E 1020 GX,DD2E 1020 GX.png,44,11
M12 FDDXKIT-0X,M12 FDDXKIT-0X.png,45,11
M18 FQID-0,M18 FQID-0.png,46,11
M18 FPMC-0 ,M18 FPMC-0.png,47,11
M18 FH-0X0,M18 FH-0X0.png,48,11
M18 FHP-0X0,M18 FHP-0X0.png,49,11
M18 FHM-0C0,M18 FHM-0C0.png,50,11
M18 FCOS230-0G0,M18 FCOS230-0G0.png,51,11
M18 FOPH-0,M18 FOPH-0.png,52,11
M18 FOPH-CSA,M18 FOPH-CSA.png,53,11
M18 FOPH-EA,M18 FOPH-EA.png,54,11
M18 FOPH-EXA,M18 FOPH-EXA.png,55,11
M18 FOPH-HTA,M18 FOPH-HTA.png,56,11
M18 FOPH-LTA,M18 FOPH-LTA.png,57,11
M18 FOPH-BCA,M18 FOPH-BCA.png,58,11
M18 FOPH-RBA ,M18 FOPH-RBA.png,59,11
M18 FOPH-BBA,M18 FOPH-BBA.png,60,11
M18 FBCU-0,M18 FBCU-0.png,61,11
M18 F2GTR-0,M18 F2GTR-0.png,62,11
M18 F2CHS50-0,M18 F2CHS50-0.png,63,11
M18 FCHS-0G0,M18 FCHS-0G0.png,64,11
M18 FTHCHS35-0G0,M18 FTHCHS35-0G0.png,65,11
M18 FTPS30-0,M18 FTPS30-0.png,66,11
M12 FHS-0X,M12 FHS-0X.png,67,11
M18 FHS20-0B0,M18 FHS20-0B0.png,68,11
M18 CHT-0,M18 CHT-0.png,69,11
M18 FHET60G2-0,M18 FHET60G2-0.png,70,11
M12 FHT20-0,M12 FHT20-0.png,71,11
M18 FBL-0,M18 FBL-0.png,72,11
M18 FBLG3-0,M18 FBLG3-0.png,73,11
M18 F2BL-0,M18 F2BL-0.png,74,11
M18 F2BPB-0,M18 F2BPB-0.png,75,11
M18 BPFPH-0,M18 BPFPH-0.png,76,11
M18 BPFP-CST,M18 BPFP-CST.png,77,11
M18 BPFP-WST,M18 BPFP-WST.png,78,11
M18 F2LM53-0 ,M18 F2LM53-0.png,79,11
M18 FJS-0X0,M18 FJS-0X0.png,80,11
M18 FMS305-0,M18 FMS305-0.png,81,11
M12 CHZ-401B,M12 CHZ-401B.png,82,11
M18 FSZ-0X0,M18 FSZ-0X0.png,84,11
SSPE 1500X,SSPE 1500X.png,86,11
M18 FMT-0X0,M18 FMT-0X0.png,87,11
M18 FFN21-0B0,M18 FFN21-0B0.png,88,11
C12 RT-0,C12 RT-0.png,89,11
M12 FCOT-0X,M12 FCOT-0X.png,90,11
M18 CCS55-0,M18 CCS55-0.png,91,11
M18 FMCS-0X,M18 FMCS-0X.png,92,11
M18 FMCS66-0B0,M18 FMCS66-0B0.png,93,11
M18 BMS20-0,M18 BMS20-0.png,94,11
M12 FBS64-0C,M12 FBS64-0C.png,95,11
M18 CBS125-0C0,M18 CBS125-0C0.png,96,11
M18 FSAG125XPDB-0X0,M18 FSAG125XPDB-0X0.png,97,11
M18 FSAG100XB-0X0,M18 FSAG100XB-0X0.png,98,11
M18 FSAGF125XPDB-0X0,M18 FSAGF125XPDB-0X0.png,101,11
M18 FHSAG150XPDB-0X0,M18 FHSAG150XPDB-0X0.png,102,11
M18 FLAG230XPDB-0C,M18 FLAG230XPDB-0C.png,103,11
M18 FHSAG150XPDB2-0X0,M18 FHSAG150XPDB2-0X0.png,104,11
M18 FDGRB-0X0,M18 FDGRB-0X0.png,105,11
M18 FMDP-0C0,M18 FMDP-0C0.png,106,11
M18 HCC-0C ACSR SET,M18 HCC-0C ACSR SET.png,107,11
M18 BTP-0,M18 BTP-0.png,108,11
M18 FVP5-0,M18 FVP5-0.png,109,11
HD18 PXP-202C CN,HD18 PXP-202C CN.png,111,11
C12 PXP-I06202C,C12 PXP-I06202C.png,112,11
C12 PXP-I10202C,C12 PXP-I10202C.png,113,11
M18 ONEHCCT60-0C0,M18 ONEHCCT60-0C0.png,114,11
M12 FDGA-0,M12 FDGA-0.png,115,11
M12 FDGS-0,M12 FDGS-0.png,116,11
M12 BPS-0,M12 BPS-0.png,117,11
M18 CV-0,M18 CV-0.png,118,11
M18 FVC23L-0,M18 FVC23L-0.png,119,11
M18 VC-2-0,M18 VC-2-0.png,120,11
M18 FPOVCL-0,M18 FPOVCL-0.png,121,11
M12 BBL-0,M12 BBL-0.png,122,11
M18 BBL-0,M18 BBL-0.png,123,11
M12 PCG-0,M12 PCG-0.png,124,11
M12 PCG/310C-202B,M12 PCG_310C-202B.png,125,11
M12 PCG/600A-202B,M12 PCG_600A-202B.png,126,11
M12 GG-202B,M12 GG-202B.png,127,11
M18 GG-0,M18 GG-0.png,128,11
M12 BI-0,M12 BI-0.png,129,11
M18 BI-0,M18 BI-0.png,130,11
M18 BHG-0,M18 BHG-0.png,131,11
M18 FROP21-0X0,M18 FROP21-0X0.png,132,11
M12 FBFL10-0,M12 FBFL10-0.png,133,11
IR FL500,IR FL500.png,134,11
IR PL250,IR PL250.png,135,11
L4 FMLED-301,L4 FMLED-301.png,136,11
L4 TMLED-301,L4 TMLED-301.png,137,11
L4 FL2000-301,L4 FL2000-301.png,138,11
L4 FL-301,L4 FL-301.png,139,11
L4 FFL-301,L4 FFL-301.png,140,11
L4 HLRP-301,L4 HLRP-301.png,141,11
L4 HL2-301,L4 HL2-301.png,142,11
L4 NL400-301,L4 NL400-301.png,143,11
L4 SL550-301 ASIA,L4 SL550-301 ASIA.png,144,11
L4 HSL-301 ASIA,L4 HSL-301 ASIA.png,145,11
M12 UHL-0,M12 UHL-0.png,146,11
M12 CML-0 APJ,M12 CML-0 APJ.png,147,11
M12 UCL-0 APJ,M12 UCL-0 APJ.png,148,11
M12 POAL-0,M12 POAL-0.png,149,11
M12 PAL-0 APJ,M12 PAL-0 APJ.png,150,11
M18 SLED-0,M18 SLED-0.png,151,11
M18 ALIS-0,M18 ALIS-0.png,152,11
M18 UBL-0,M18 UBL-0.png,153,11
M18 SAL2-0,M18 SAL2-0.png,154,11
M18 HOSALC-0,M18 HOSALC-0.png,155,11
M18 PAL2-0,M18 PAL2-0.png,156,11
M12 AF-0,M12 AF-0.png,157,11
M18 AF-0,M18 AF-0.png,158,11
M12 RC-0,M12 RC-0.png,159,11
M12-18 JSSP-0,M12-18 JSSP-0.png,160,11
M18 PRC-0,M18 PRC-0.png,161,11
MXF C,MXF C.png,163,11
MXF CP203,MXF CP203.png,164,11
MXF XC406,MXF XC406.png,165,11
MXF XC608,MXF XC608.png,166,11
MXF HD812,MXF HD812.png,167,11
MXF COS350-0G0,MXF COS350-0G0.png,168,11
MXF COS350G2-0,MXF COS350G2-0.png,169,11
MXF DCD150-0C0,MXF DCD150-0C0.png,170,11
MXF DHT,MXF DHT.png,173,11
MXF TL-0G0,MXF TL-0G0.png,174,11
MXF TLIC-0,MXF TLIC-0.png,175,11
MXF PS-0G0,MXF PS-0G0.png,176,11
MXF PC50-0,MXF PC50-0.png,177,11
L4B3,L4B3.png,178,11
M12B2 BULK,M12B2 BULK.png,179,11
M12B4 BULK,M12B4 BULK.png,180,11
M12 HB2.5,M12 HB2.5.png,181,11
M12 HB5,M12 HB5.png,182,11
M18 HB3,M18 HB3.png,197,11
M18 HB6,M18 HB6.png,184,11
M18 HB12,M18 HB12.png,186,11
M18B2 BULK,M18B2 BULK.png,187,11
M18B4 BULK,M18B4 BULK.png,188,11
M18 B5-CR,M18 B5-CR.png,190,11
M18 FB6,M18 FB6.png,191,11
M18 FB8,M18 FB8.png,192,11
M18 FB12,M18 FB12.png,193,11
C12C BULK,C12C BULK.png,194,11
M12-18C BULK,M12-18C BULK.png,189,11
M12-18C3,M12-18C3.png,196,11
M12-18SC,M12-18SC.png,199,11
M18 DBSC,M18 DBSC.png,200,11
M12 TC-0,M12 TC-0.png,201,11
M18 PC6,M18 PC6.png,202,11
48-22-8310,48-22-8310.png,203,11
48-22-8315,48-22-8315.png,204,11
48-22-8320,48-22-8320.png,205,11
48-22-8424,48-22-8424.png,206,11
48-22-8425,48-22-8425.png,207,11
48-22-8426,48-22-8426.png,208,11
48-22-8427,48-22-8427.png,209,11
48-22-8430,48-22-8430.png,210,11
48-22-8435,48-22-8435.png,211,11
48-22-8436,48-22-8436.png,212,11
48-22-8431,48-22-8431.png,213,11
48-22-8422,48-22-8422.png,214,11
48-22-8450,48-22-8450.png,215,11
48-22-8410,48-22-8410.png,216,11
48-22-8415,48-22-8415.png,217,11
48-22-8440,48-22-8440.png,218,11
48-22-8300,48-22-8300.png,219,11
48-22-8301,48-22-8301.png,220,11
48-22-8442,48-22-8442.png,221,11
48-22-8443,48-22-8443.png,222,11
48-22-8447,48-22-8447.png,223,11
48-22-8444,48-22-8444.png,224,11
48-22-8432,48-22-8432.png,225,11
48-22-8428,48-22-8428.png,226,11
48-22-8429,48-22-8429.png,227,11
48-22-8392RX,48-22-8392RX.png,228,11
48-22-8393RX,48-22-8393RX.png,229,11
48-22-8445,48-22-8445.png,230,11
48-22-8460,48-22-8460.png,231,11
48-22-8382R,48-22-8382R.png,232,11
48-22-8396R,48-22-8396R.png,233,11
48-22-8397R,48-22-8397R.png,234,11
48-22-8394R,48-22-8394R.png,235,11
48-22-8391RX,48-22-8391RX.png,236,11
48-22-8045,48-22-8045.png,237,11
48-22-8488,48-22-8488.png,238,11
4932498645,4932498645.png,239,11
4932498646,4932498646.png,240,11
4932498643,4932498643.png,241,11
4932498644,4932498644.png,242,11
4932498647,4932498647.png,243,11
4932498648,4932498648.png,244,11
4932498649,4932498649.png,245,11
4932498650,4932498650.png,246,11
48-22-8485,48-22-8485.png,247,11
48-22-8486,48-22-8486.png,248,11
48-22-8487,48-22-8487.png,249,11
48-22-8334,48-22-8334.png,250,11
48-22-8335,48-22-8335.png,251,11
48-22-8330,48-22-8330.png,252,11
48-22-8331,48-22-8331.png,253,11
48-22-8332,48-22-8332.png,254,11
48-22-8333,48-22-8333.png,255,11
48-22-8336,48-22-8336.png,256,11
48-22-8337,48-22-8337.png,257,11
48-22-8338,48-22-8338.png,258,11
48-22-8339,48-22-8339.png,259,11
48-22-8340,48-22-8340.png,260,11
48-22-8341,48-22-8341.png,261,11
48-22-8347,48-22-8347.png,262,11
48-22-8343,48-22-8343.png,263,11
48-22-8349,48-22-8349.png,264,11
48-22-8480,48-22-8480.png,265,11
48-22-8344,48-22-8344.png,266,11
48-22-8346,48-22-8346.png,267,11
48-22-8342,48-22-8342.png,268,11
48-22-8070,48-22-8070.png,269,11
48-22-8071,48-22-8071.png,270,11
48-22-8348,48-22-8348.png,271,11
48-22-8328,48-22-8328.png,272,11
48-22-8329,48-22-8329.png,273,11
M18 FCHS背包,M18 FCHS背包.png,274,11
48-22-8711,48-22-8711.png,275,11
48-22-8712,48-22-8712.png,276,11
48-22-8713,48-22-8713.png,277,11
48-22-8714,48-22-8714.png,278,11
48-22-8711-A,48-22-8711-A.png,279,11
48-22-8712,48-22-8712.png,280,11
48-22-8713,48-22-8713.png,281,11
48-22-8714,48-22-8714.png,282,11
48-73-8514,48-73-8514.png,286,11
48-73-8511,48-73-8511.png,283,11
48-73-8512,48-73-8512.png,284,11
48-73-8513,48-73-8513.png,285,11
48-73-8911,48-73-8911.png,287,11
48-73-8912,48-73-8912.png,288,11
48-73-8911B,48-73-8911B.png,289,11
48-73-8912B,48-73-8912B.png,290,11
48-22-8902,48-22-8902.png,291,11
48-22-8903,48-22-8903.png,292,11
48-22-8904,48-22-8904.png,293,11
48-22-8901B,48-22-8901B.png,294,11
48-22-8902B,48-22-8902B.png,295,11
48-22-8903B,48-22-8903B.png,296,11
48-22-8904B,48-22-8904B.png,297,11
48-22-8932,48-22-8932.png,298,11
48-22-8932,48-22-8932.png,299,11
48-22-8933,48-22-8933.png,300,11
48-73-8631,48-73-8631.png,301,11
48-73-8632,48-73-8632.png,302,11
48-73-8633,48-73-8633.png,303,11
48-22-8952,48-22-8952.png,304,11
48-22-8953,48-22-8953.png,305,11
48-22-8954B,48-22-8954B.png,306,11
48-73-8650,48-73-8650.png,307,11
48-73-8651,48-73-8651.png,308,11
48-73-8652,48-73-8652.png,309,11
48-73-8653,48-73-8653.png,310,11
48-73-8654,48-73-8654.png,311,11
48-73-7151,48-73-7151.png,312,11
48-73-7152,48-73-7152.png,313,11
48-73-7153,48-73-7153.png,314,11
48-73-7000,48-73-7000.png,315,11
48-73-7001,48-73-7001.png,316,11
48-73-7002,48-73-7002.png,317,11
48-73-7003,48-73-7003.png,318,11
48-73-7004,48-73-7004.png,319,11
48-73-7001B,48-73-7001B.png,320,11
48-73-7002B,48-73-7002B.png,321,11
48-73-7003B,48-73-7003B.png,322,11
48-73-7004B,48-73-7004B.png,323,11
48-73-7021,48-73-7021.png,324,11
48-73-7022,48-73-7022.png,325,11
48-73-7023,48-73-7023.png,326,11
48-73-7031,48-73-7031.png,327,11
48-73-7032,48-73-7032.png,328,11
48-73-7033,48-73-7033.png,329,11
48-22-8973,48-22-8973.png,330,11
48-73-8130,48-73-8130.png,331,11
48-73-8131,48-73-8131.png,332,11
48-73-8132,48-73-8132.png,333,11
48-73-8133,48-73-8133.png,334,11
48-73-8134,48-73-8134.png,335,11
48-22-8981,48-22-8981.png,336,11
48-22-8982,48-22-8982.png,337,11
48-22-8983,48-22-8983.png,338,11
48-22-8984,48-22-8984.png,339,11
48-73-8150,48-73-8150.png,340,11
48-73-8151,48-73-8151.png,341,11
48-73-8152,48-73-8152.png,342,11
48-73-8153,48-73-8153.png,343,11
48-73-8154,48-73-8154.png,344,11
48-22-8732,48-22-8732.png,345,11
48-22-8733,48-22-8733.png,346,11
48-73-8531,48-73-8531.png,347,11
48-73-8532,48-73-8532.png,348,11
48-73-8533,48-73-8533.png,349,11
48-73-8534,48-73-8534.png,350,11
48-73-2000A,48-73-2000A.png,351,11
48-73-2005A,48-73-2005A.png,352,11
48-73-2001,48-73-2001.png,353,11
48-73-2070,48-73-2070.png,354,11
48-73-4541,48-73-4541.png,355,11
48-22-8205,48-22-8205.png,356,11
49-22-8510,49-22-8510.png,357,11
48-32-2390,48-32-2390.png,358,11
4932459781,4932459781.png,359,11
4932352406,4932352406.png,360,11
48-32-4511,48-32-4511.png,361,11
48-32-4512,48-32-4512.png,362,11
48-89-9265,48-89-9265.png,363,11
48-89-2531,48-89-2531.png,364,11
48-89-4860,48-89-4860.png,365,11
4932492004N,4932492004N.png,366,11
48-32-4013,48-32-4013.png,367,11
4932492008,4932492008.png,368,11
48-32-5148,48-32-5148.png,369,11
48-89-2530,48-89-2530.png,370,11
48-32-5004,48-32-5004.png,371,11
4932430853,4932430853.png,372,11
48-32-4361PS,48-32-4361PS.png,373,11
49-66-6242,49-66-6242.png,374,11
49-66-6244,49-66-6244.png,375,11
49-66-6246,49-66-6246.png,376,11
49-66-6248,49-66-6248.png,377,11
49-66-6250,49-66-6250.png,378,11
49-66-6253,49-66-6253.png,379,11
49-66-6254,49-66-6254.png,380,11
49-66-6258,49-66-6258.png,381,11
49-66-6259,49-66-6259.png,382,11
49-66-6271,49-66-6271.png,383,11
49-66-6273,49-66-6273.png,384,11
49-66-6275,49-66-6275.png,385,11
49-66-6277,49-66-6277.png,386,11
49-66-6279,49-66-6279.png,387,11
49-66-6282,49-66-6282.png,388,11
49-66-6283,49-66-6283.png,389,11
49-66-6287,49-66-6287.png,390,11
49-66-6292,49-66-6292.png,391,11
49-66-6297,49-66-6297.png,392,11
49-66-6365,49-66-6365.png,393,11
49-66-6368,49-66-6368.png,394,11
49-66-6370,49-66-6370.png,395,11
49-66-6374,49-66-6374.png,396,11
49-66-6376,49-66-6376.png,397,11
49-66-6411,49-66-6411.png,398,11
49-66-6601,49-66-6601.png,399,11
49-66-6602,49-66-6602.png,400,11
49-66-6603,49-66-6603.png,401,11
49-66-6604,49-66-6604.png,402,11
49-66-6606,49-66-6606.png,403,11
49-66-6607,49-66-6607.png,404,11
4932480429,4932480429.png,405,11
4932480432,4932480432.png,406,11
49-66-7014,49-66-7014.png,408,11
49-66-7015,49-66-7015.png,409,11
49-66-7007,49-66-7007.png,410,11
49-66-7834​,49-66-7834​.png,411,11
4932493371,4932493371.png,412,11
4932493372,4932493372.png,413,11
4932493373,4932493373.png,414,11
49-66-6801,49-66-6801.png,415,11
48-32-5033,48-32-5033.png,416,11
49-66-4568,49-66-4568.png,417,11
49-16-2554J,49-16-2554J.png,418,11
49-16-3050,49-16-3050.png,419,11
48-32-4550,48-32-4550.png,420,11
49-57-9001,49-57-9001.png,421,11
49-16-2715,49-16-2715.png,422,11
49-16-2744,49-16-2744.png,423,11
4932480177,4932480177.png,424,11
4932471329,4932471329.png,425,11
49-16-2750,49-16-2750.png,426,11
49-16-2732 ,49-16-2732.png,427,11
49-16-2751,49-16-2751.png,428,11
49162712,49162712.png,429,11
49162713,49162713.png,430,11
313935001,313935001.png,431,11
49-16-2757,49-16-2757.png,432,11
4932480180,4932480180.png,433,11
49-94-8400A,49-94-8400A.png,434,11
49-94-8410A,49-94-8410A.png,435,11
49-94-8500A,49-94-8500A.png,436,11
49-94-8510A,49-94-8510A.png,437,11
4932451490,4932451490.png,438,11
4932399542,4932399542.png,439,11
48-40-4070,48-40-4070.png,440,11
48-40-4075,48-40-4075.png,441,11
48-40-4520,48-40-4520.png,442,11
48-40-4215,48-40-4215.png,443,11
48-40-4515,48-40-4515.png,444,11
48-00-5221,48-00-5221.png,445,11
48-00-5185,48-00-5185.png,447,11
48-00-1303,48-00-1303.png,451,11
48-01-6037,48-01-6037.png,452,11
48-00-5021,48-00-5021.png,453,11
48-00-5026,48-00-5026.png,454,11
48-00-5027,48-00-5027.png,455,11
48-00-5271,48-00-5271.png,456,11
48-00-5272,48-00-5272.png,457,11
48-00-5273,48-00-5273.png,458,11
48-00-5701,48-00-5701.png,459,11
48-00-5711,48-00-5711.png,461,11
48-00-5193,48-00-5193.png,462,11
48-00-5194,48-00-5194.png,463,11
48-00-6251,48-00-6251.png,464,11
48-00-6253,48-00-6253.png,466,11
48-00-5782,48-00-5782.png,467,11
48-00-5787,48-00-5787.png,468,11
48-00-5794,48-00-5794.png,469,11
48-00-5784,48-00-5784.png,470,11
48-00-5788,48-00-5788.png,471,11
48-00-5789,48-00-5789.png,472,11
48-00-5182,48-00-5182.png,473,11
48-01-6182,48-01-6182.png,475,11
48-00-5184,48-00-5184.png,477,11
48-01-6184,48-01-6184.png,479,11
48-00-5189,48-00-5189.png,481,11
48-00-5186,48-00-5186.png,482,11
48-00-5261,48-00-5261.png,483,11
48-00-5263,48-00-5263.png,485,11
48-00-5712,48-00-5712.png,486,11
48-00-5714,48-00-5714.png,488,11
49-00-5310,49-00-5310.png,489,11
48-00-1640,48-00-1640.png,490,11
49-00-5460,49-00-5460.png,491,11
49-00-5414,49-00-5414.png,492,11
49-00-5461,49-00-5461.png,493,11
49-22-1110,49-22-1110.png,494,11
49-25-2241,49-25-2241.png,495,11
49-25-1101,49-25-1101.png,496,11
49-10-9112,49-10-9112.png,497,11
49-25-1261,49-25-1261.png,498,11
48-39-0631,48-39-0631.png,499,11
48-39-0630,48-39-0630.png,500,11
48-39-0511,48-39-0511.png,501,11
48-39-0521,48-39-0521.png,502,11
48-39-0531,48-39-0531.png,503,11
48-39-0551,48-39-0551.png,504,11
48-39-0572,48-39-0572.png,505,11
48-39-0601,48-39-0601.png,506,11
4932464498,4932464498.png,507,11
48-44-0412,48-44-0412.png,508,11
49-16-2773,49-16-2773.png,509,11
4932451464,4932451464.png,510,11
4932478626,4932478626.png,511,11
4932459774,4932459774.png,512,11
4932459775,4932459775.png,513,11
4932459776,4932459776.png,514,11
4932471986,4932471986.png,515,11
4932471989,4932471989.png,516,11
4932472187,4932472187.png,517,11
4932472189,4932472189.png,518,11
48-08-0900,48-08-0900.png,519,11
M12 PCG-ASSY02,M12 PCG-ASSY02.png,520,11
48-08-0905,48-08-0905.png,521,11
48-22-8690,48-22-8690.png,522,11
,unknown.png,542,7
M4 D-202C,M4 D-202C.png,2,11
M12 CD-202C,M12 CD-202C.png,3,11
M12 FID-0C,M12 FID-0C.png,4,11
M12 FID2-0X,M12 FID2-0X.png,5,11
M12 FHIR14-0B,M12 FHIR14-0B.png,6,11
M12 FHIR38-0B,M12 FHIR38-0B.png,7,11
M12 FIR12-0,M12 FIR12-0.png,8,11
M12 FIR38-0,M12 FIR38-0.png,9,11
M12 IR-202B,M12 IR-202B.png,10,11
M12 FPTR-0,M12 FPTR-0.png,11,11
M18 FIW2F12-0,M18 FIW2F12-0.png,21,11
M18 FMTIW2F12-502X,M18 FMTIW2F12-502X.png,24,11
M18 FMTIW2F12-0X0,M18 FMTIW2F12-0X0.png,25,11
